course_id,class_id,level_id,semester,section
1,r,2,2006_spring,A
2,r,3,2006_spring,B
3,r,4,2006_spring,M
4,r,4,2006_spring,P
5,r,4,2006_spring,Q
6,r,5,2006_spring,S
7,w,2,2006_spring,A
8,w,3,2006_spring,B
9,w,4,2006_spring,M
10,w,4,2006_spring,P
11,w,4,2006_spring,Q
12,w,5,2006_spring,S
13,s,2,2006_spring,A
14,s,3,2006_spring,B
15,s,4,2006_spring,M
16,s,4,2006_spring,P
17,s,4,2006_spring,Q
18,s,5,2006_spring,S
19,l,2,2006_spring,A
20,l,3,2006_spring,B
21,l,4,2006_spring,M
22,l,4,2006_spring,P
23,l,4,2006_spring,Q
24,l,5,2006_spring,S
25,g,2,2006_spring,A
26,g,3,2006_spring,B
27,g,4,2006_spring,M
28,g,4,2006_spring,P
29,g,4,2006_spring,Q
30,g,5,2006_spring,S
31,r,3,2006_spring,C
32,w,3,2006_spring,C
33,s,3,2006_spring,C
34,l,3,2006_spring,C
35,g,3,2006_spring,C
36,g,5,2006_spring,T
37,l,5,2006_spring,T
38,s,5,2006_spring,T
39,w,5,2006_spring,T
40,r,5,2006_spring,T
41,r,2,2006_summer,A
42,r,3,2006_summer,F
43,r,3,2006_summer,G
44,r,3,2006_summer,H
45,r,4,2006_summer,M
46,r,4,2006_summer,P
47,r,4,2006_summer,Q
48,r,4,2006_summer,R
49,r,5,2006_summer,S
50,r,5,2006_summer,T
51,r,5,2006_summer,U
52,w,2,2006_summer,A
53,w,3,2006_summer,F
54,w,3,2006_summer,G
55,w,3,2006_summer,H
56,w,4,2006_summer,M
57,w,4,2006_summer,P
58,w,4,2006_summer,Q
59,w,4,2006_summer,R
60,w,5,2006_summer,S
61,w,5,2006_summer,T
62,w,5,2006_summer,U
63,s,2,2006_summer,A
64,s,3,2006_summer,F
65,s,3,2006_summer,G
66,s,3,2006_summer,H
67,s,4,2006_summer,M
68,s,4,2006_summer,P
69,s,4,2006_summer,Q
70,s,4,2006_summer,R
71,s,5,2006_summer,S
72,s,5,2006_summer,T
73,s,5,2006_summer,U
74,l,2,2006_summer,A
75,l,3,2006_summer,F
76,l,3,2006_summer,G
77,l,3,2006_summer,H
78,l,4,2006_summer,M
79,l,4,2006_summer,P
80,l,4,2006_summer,Q
81,l,4,2006_summer,R
82,l,5,2006_summer,S
83,l,5,2006_summer,T
84,l,5,2006_summer,U
85,g,2,2006_summer,A
86,g,3,2006_summer,F
87,g,3,2006_summer,G
88,g,3,2006_summer,H
89,g,4,2006_summer,M
90,g,4,2006_summer,P
91,g,4,2006_summer,Q
92,g,4,2006_summer,R
93,g,5,2006_summer,S
94,g,5,2006_summer,T
95,g,5,2006_summer,U
96,r,2,2006_fall,A
97,r,2,2006_fall,B
98,r,3,2006_fall,F
99,r,3,2006_fall,G
100,r,3,2006_fall,H
101,r,4,2006_fall,M
102,r,4,2006_fall,P
103,r,4,2006_fall,Q
104,r,4,2006_fall,R
105,r,5,2006_fall,S
106,r,5,2006_fall,T
107,r,5,2006_fall,U
108,w,2,2006_fall,A
109,w,2,2006_fall,B
110,w,3,2006_fall,F
111,w,3,2006_fall,G
112,w,3,2006_fall,H
113,w,4,2006_fall,M
114,w,4,2006_fall,P
115,w,4,2006_fall,Q
116,w,4,2006_fall,R
117,w,5,2006_fall,S
118,w,5,2006_fall,T
119,w,5,2006_fall,U
120,s,2,2006_fall,A
121,s,2,2006_fall,B
122,s,3,2006_fall,F
123,s,3,2006_fall,G
124,s,3,2006_fall,H
125,s,4,2006_fall,M
126,s,4,2006_fall,P
127,s,4,2006_fall,Q
128,s,4,2006_fall,R
129,s,5,2006_fall,S
130,s,5,2006_fall,T
131,s,5,2006_fall,U
132,l,2,2006_fall,A
133,l,2,2006_fall,B
134,l,3,2006_fall,F
135,l,3,2006_fall,G
136,l,3,2006_fall,H
137,l,4,2006_fall,M
138,l,4,2006_fall,P
139,l,4,2006_fall,Q
140,l,4,2006_fall,R
141,l,5,2006_fall,S
142,l,5,2006_fall,T
143,l,5,2006_fall,U
144,g,2,2006_fall,A
145,g,2,2006_fall,B
146,g,3,2006_fall,F
147,g,3,2006_fall,G
148,g,3,2006_fall,H
149,g,4,2006_fall,M
150,g,4,2006_fall,P
151,g,4,2006_fall,Q
152,g,4,2006_fall,R
153,g,5,2006_fall,S
154,g,5,2006_fall,T
155,g,5,2006_fall,U
156,r,2,2007_spring,A
157,r,3,2007_spring,F
158,r,3,2007_spring,G
159,r,3,2007_spring,H
160,r,4,2007_spring,M
161,r,4,2007_spring,P
162,r,4,2007_spring,Q
163,r,4,2007_spring,R
164,r,5,2007_spring,S
165,r,5,2007_spring,T
166,r,5,2007_spring,U
167,w,2,2007_spring,A
168,w,3,2007_spring,F
169,w,3,2007_spring,G
170,w,3,2007_spring,H
171,w,4,2007_spring,M
172,w,4,2007_spring,P
173,w,4,2007_spring,Q
174,w,4,2007_spring,R
175,w,5,2007_spring,S
176,w,5,2007_spring,T
177,w,5,2007_spring,U
178,s,2,2007_spring,A
179,s,3,2007_spring,F
180,s,3,2007_spring,G
181,s,3,2007_spring,H
182,s,4,2007_spring,M
183,s,4,2007_spring,P
184,s,4,2007_spring,Q
185,s,4,2007_spring,R
186,s,5,2007_spring,S
187,s,5,2007_spring,T
188,s,5,2007_spring,U
189,l,2,2007_spring,A
190,l,3,2007_spring,F
191,l,3,2007_spring,G
192,l,3,2007_spring,H
193,l,4,2007_spring,M
194,l,4,2007_spring,P
195,l,4,2007_spring,Q
196,l,4,2007_spring,R
197,l,5,2007_spring,S
198,l,5,2007_spring,T
199,l,5,2007_spring,U
200,g,2,2007_spring,A
201,g,3,2007_spring,F
202,g,3,2007_spring,G
203,g,3,2007_spring,H
204,g,4,2007_spring,M
205,g,4,2007_spring,P
206,g,4,2007_spring,Q
207,g,4,2007_spring,R
208,g,5,2007_spring,S
209,g,5,2007_spring,T
210,g,5,2007_spring,U
211,r,2,2007_summer,A
212,r,3,2007_summer,F
213,r,3,2007_summer,G
214,r,3,2007_summer,H
215,r,4,2007_summer,M
216,r,4,2007_summer,P
217,r,4,2007_summer,Q
218,r,4,2007_summer,R
219,r,5,2007_summer,S
220,r,5,2007_summer,T
221,r,5,2007_summer,U
222,w,2,2007_summer,A
223,w,3,2007_summer,F
224,w,3,2007_summer,G
225,w,3,2007_summer,H
226,w,4,2007_summer,M
227,w,4,2007_summer,P
228,w,4,2007_summer,Q
229,w,4,2007_summer,R
230,w,5,2007_summer,S
231,w,5,2007_summer,T
232,w,5,2007_summer,U
233,s,2,2007_summer,A
234,s,3,2007_summer,F
235,s,3,2007_summer,G
236,s,3,2007_summer,H
237,s,4,2007_summer,M
238,s,4,2007_summer,P
239,s,4,2007_summer,Q
240,s,4,2007_summer,R
241,s,5,2007_summer,S
242,s,5,2007_summer,T
243,s,5,2007_summer,U
244,l,2,2007_summer,A
245,l,3,2007_summer,F
246,l,3,2007_summer,G
247,l,3,2007_summer,H
248,l,4,2007_summer,M
249,l,4,2007_summer,P
250,l,4,2007_summer,Q
251,l,4,2007_summer,R
252,l,5,2007_summer,S
253,l,5,2007_summer,T
254,l,5,2007_summer,U
255,g,2,2007_summer,A
256,g,3,2007_summer,F
257,g,3,2007_summer,G
258,g,3,2007_summer,H
259,g,4,2007_summer,M
260,g,4,2007_summer,P
261,g,4,2007_summer,Q
262,g,4,2007_summer,R
263,g,5,2007_summer,S
264,g,5,2007_summer,T
265,g,5,2007_summer,U
268,r,2,2007_fall,A
269,r,3,2007_fall,F
270,r,3,2007_fall,G
271,r,3,2007_fall,H
272,r,4,2007_fall,M
273,r,4,2007_fall,P
274,r,4,2007_fall,Q
275,r,4,2007_fall,R
276,r,5,2007_fall,S
277,r,5,2007_fall,T
278,r,5,2007_fall,U
279,w,2,2007_fall,A
280,w,3,2007_fall,F
281,w,3,2007_fall,G
282,w,3,2007_fall,H
283,w,4,2007_fall,M
284,w,4,2007_fall,P
285,w,4,2007_fall,Q
286,w,4,2007_fall,R
287,w,5,2007_fall,S
288,w,5,2007_fall,T
289,w,5,2007_fall,U
290,s,2,2007_fall,A
291,s,3,2007_fall,F
292,s,3,2007_fall,G
293,s,3,2007_fall,H
294,s,4,2007_fall,M
295,s,4,2007_fall,P
296,s,4,2007_fall,Q
297,s,4,2007_fall,R
298,s,5,2007_fall,S
299,s,5,2007_fall,T
300,s,5,2007_fall,U
301,l,2,2007_fall,A
302,l,3,2007_fall,F
303,l,3,2007_fall,G
304,l,3,2007_fall,H
305,l,4,2007_fall,M
306,l,4,2007_fall,P
307,l,4,2007_fall,Q
308,l,4,2007_fall,R
309,l,5,2007_fall,S
310,l,5,2007_fall,T
311,l,5,2007_fall,U
312,g,2,2007_fall,A
313,g,3,2007_fall,F
314,g,3,2007_fall,G
315,g,3,2007_fall,H
316,g,4,2007_fall,M
317,g,4,2007_fall,P
318,g,4,2007_fall,Q
319,g,4,2007_fall,R
320,g,5,2007_fall,S
321,g,5,2007_fall,T
322,g,5,2007_fall,U
323,r,2,2008_spring,A
324,w,2,2008_spring,A
325,s,2,2008_spring,A
326,l,2,2008_spring,A
327,g,2,2008_spring,A
328,r,3,2008_spring,F
329,w,3,2008_spring,F
330,s,3,2008_spring,F
331,l,3,2008_spring,F
332,g,3,2008_spring,F
333,r,3,2008_spring,G
334,w,3,2008_spring,G
335,s,3,2008_spring,G
336,l,3,2008_spring,G
337,g,3,2008_spring,G
338,r,4,2008_spring,M
339,w,4,2008_spring,M
340,s,4,2008_spring,M
341,l,4,2008_spring,M
342,g,4,2008_spring,M
343,r,4,2008_spring,P
344,w,4,2008_spring,P
345,s,4,2008_spring,P
346,l,4,2008_spring,P
347,g,4,2008_spring,P
348,r,5,2008_spring,S
349,w,5,2008_spring,S
350,s,5,2008_spring,S
351,l,5,2008_spring,S
352,g,5,2008_spring,S
353,r,5,2008_spring,T
354,w,5,2008_spring,T
355,s,5,2008_spring,T
356,l,5,2008_spring,T
357,g,5,2008_spring,T
358,r,4,2008_spring,R
359,w,4,2008_spring,R
360,s,4,2008_spring,R
361,l,4,2008_spring,R
362,g,4,2008_spring,R
363,w,5,2008_spring,U
364,r,3,2008_summer,F
365,w,3,2008_summer,F
366,s,3,2008_summer,F
367,l,3,2008_summer,F
368,g,3,2008_summer,F
369,r,3,2008_summer,G
370,w,3,2008_summer,G
371,s,3,2008_summer,G
372,l,3,2008_summer,G
373,g,3,2008_summer,G
374,r,4,2008_summer,M
375,w,4,2008_summer,M
376,s,4,2008_summer,M
377,l,4,2008_summer,M
378,g,4,2008_summer,M
379,r,4,2008_summer,P
380,w,4,2008_summer,P
381,s,4,2008_summer,P
382,l,4,2008_summer,P
383,g,4,2008_summer,P
384,r,4,2008_summer,Q
385,w,4,2008_summer,Q
386,s,4,2008_summer,Q
387,l,4,2008_summer,Q
388,g,4,2008_summer,Q
389,r,5,2008_summer,S
390,w,5,2008_summer,S
391,s,5,2008_summer,S
392,l,5,2008_summer,S
393,g,5,2008_summer,S
394,r,5,2008_summer,T
395,w,5,2008_summer,T
396,s,5,2008_summer,T
397,l,5,2008_summer,T
398,g,5,2008_summer,T
399,r,2,2008_summer,A
400,w,2,2008_summer,A
401,s,2,2008_summer,A
402,l,2,2008_summer,A
403,g,2,2008_summer,A
404,r,2,2008_summer,A
405,r,2,2008_fall,A
406,w,2,2008_fall,A
407,s,2,2008_fall,A
408,l,2,2008_fall,A
409,g,2,2008_fall,A
410,r,3,2008_fall,F
411,w,3,2008_fall,F
412,s,3,2008_fall,F
413,l,3,2008_fall,F
414,g,3,2008_fall,F
415,r,3,2008_fall,G
416,w,3,2008_fall,G
417,s,3,2008_fall,G
418,l,3,2008_fall,G
419,g,3,2008_fall,G
420,r,4,2008_fall,M
421,w,4,2008_fall,M
422,s,4,2008_fall,M
423,l,4,2008_fall,M
424,g,4,2008_fall,M
425,r,4,2008_fall,P
426,w,4,2008_fall,P
427,s,4,2008_fall,P
428,l,4,2008_fall,P
429,g,4,2008_fall,P
430,r,4,2008_fall,Q
431,w,4,2008_fall,Q
432,s,4,2008_fall,Q
433,l,4,2008_fall,Q
434,g,4,2008_fall,Q
435,r,4,2008_fall,R
436,w,4,2008_fall,R
437,s,4,2008_fall,R
438,l,4,2008_fall,R
439,g,4,2008_fall,R
440,r,5,2008_fall,S
441,w,5,2008_fall,S
442,s,5,2008_fall,S
443,l,5,2008_fall,S
444,g,5,2008_fall,S
445,r,5,2008_fall,T
446,w,5,2008_fall,T
447,s,5,2008_fall,T
448,l,5,2008_fall,T
449,g,5,2008_fall,T
450,s,3,2008_fall,H
451,l,3,2008_fall,H
452,g,3,2008_fall,H
453,s,5,2008_fall,U
454,l,5,2008_fall,U
455,r,2,2009_spring,A
456,w,2,2009_spring,A
457,s,2,2009_spring,A
458,l,2,2009_spring,A
459,g,2,2009_spring,A
460,r,3,2009_spring,F
461,w,3,2009_spring,F
462,s,3,2009_spring,F
463,l,3,2009_spring,F
464,g,3,2009_spring,F
465,r,3,2009_spring,G
466,w,3,2009_spring,G
467,s,3,2009_spring,G
468,l,3,2009_spring,G
469,g,3,2009_spring,G
475,r,4,2009_spring,M
476,w,4,2009_spring,M
477,s,4,2009_spring,M
478,l,4,2009_spring,M
479,g,4,2009_spring,M
480,r,4,2009_spring,P
481,w,4,2009_spring,P
482,s,4,2009_spring,P
483,l,4,2009_spring,P
484,g,4,2009_spring,P
485,r,4,2009_spring,Q
486,w,4,2009_spring,Q
487,s,4,2009_spring,Q
488,l,4,2009_spring,Q
489,g,4,2009_spring,Q
490,r,4,2009_spring,R
491,w,4,2009_spring,R
492,s,4,2009_spring,R
493,l,4,2009_spring,R
494,g,4,2009_spring,R
495,r,5,2009_spring,S
496,w,5,2009_spring,S
497,s,5,2009_spring,S
498,l,5,2009_spring,S
499,g,5,2009_spring,S
500,r,5,2009_spring,T
501,w,5,2009_spring,T
502,s,5,2009_spring,T
503,l,5,2009_spring,T
504,g,5,2009_spring,T
505,w,5,2009_spring,U
506,s,5,2009_spring,U
507,l,5,2009_spring,U
508,r,3,2009_summer,F
509,w,3,2009_summer,F
510,s,3,2009_summer,F
511,l,3,2009_summer,F
512,g,3,2009_summer,F
513,r,3,2009_summer,G
514,w,3,2009_summer,G
515,s,3,2009_summer,G
516,l,3,2009_summer,G
517,g,3,2009_summer,G
518,r,4,2009_summer,M
519,w,4,2009_summer,M
520,s,4,2009_summer,M
521,l,4,2009_summer,M
522,g,4,2009_summer,M
523,r,4,2009_summer,P
524,w,4,2009_summer,P
525,s,4,2009_summer,P
526,l,4,2009_summer,P
527,g,4,2009_summer,P
528,r,4,2009_summer,Q
529,w,4,2009_summer,Q
530,s,4,2009_summer,Q
531,l,4,2009_summer,Q
532,g,4,2009_summer,Q
533,r,5,2009_summer,S
534,w,5,2009_summer,S
535,s,5,2009_summer,S
536,l,5,2009_summer,S
537,g,5,2009_summer,S
538,r,5,2009_summer,T
539,w,5,2009_summer,T
540,s,5,2009_summer,T
541,l,5,2009_summer,T
542,g,5,2009_summer,T
543,s,5,2009_summer,U
544,l,5,2009_summer,U
545,r,2,2009_summer,A
546,w,2,2009_summer,A
547,s,2,2009_summer,A
548,l,2,2009_summer,A
549,g,2,2009_summer,A
550,r,2,2009_fall,A
551,w,2,2009_fall,A
552,s,2,2009_fall,A
553,l,2,2009_fall,A
554,g,2,2009_fall,A
555,r,3,2009_fall,F
556,w,3,2009_fall,F
557,s,3,2009_fall,F
558,l,3,2009_fall,F
559,g,3,2009_fall,F
560,r,3,2009_fall,G
561,w,3,2009_fall,G
562,s,3,2009_fall,G
563,l,3,2009_fall,G
564,g,3,2009_fall,G
565,r,4,2009_fall,M
566,w,4,2009_fall,M
567,s,4,2009_fall,M
568,l,4,2009_fall,M
569,g,4,2009_fall,M
570,r,4,2009_fall,P
571,w,4,2009_fall,P
572,s,4,2009_fall,P
573,l,4,2009_fall,P
574,g,4,2009_fall,P
575,r,4,2009_fall,Q
576,w,4,2009_fall,Q
577,s,4,2009_fall,Q
578,l,4,2009_fall,Q
579,g,4,2009_fall,Q
580,r,5,2009_fall,S
581,w,5,2009_fall,S
582,s,5,2009_fall,S
583,l,5,2009_fall,S
584,g,5,2009_fall,S
585,r,5,2009_fall,T
586,w,5,2009_fall,T
587,s,5,2009_fall,T
588,l,5,2009_fall,T
589,g,5,2009_fall,T
590,r,5,2009_fall,U
591,w,5,2009_fall,U
592,s,5,2009_fall,U
593,l,5,2009_fall,U
594,g,5,2009_fall,U
595,s,4,2009_fall,E
596,r,3,2009_fall,H
597,w,3,2009_fall,H
599,l,5,2010_spring,U
600,s,5,2010_spring,S
601,s,4,2010_spring,P
602,r,2,2010_spring,A
603,w,2,2010_spring,A
604,s,2,2010_spring,A
605,l,2,2010_spring,A
606,g,2,2010_spring,A
607,r,3,2010_spring,F
608,w,3,2010_spring,F
609,s,3,2010_spring,F
610,l,3,2010_spring,F
611,g,3,2010_spring,F
612,r,3,2010_spring,G
613,w,3,2010_spring,G
614,s,3,2010_spring,G
615,l,3,2010_spring,G
616,g,3,2010_spring,G
617,r,4,2010_spring,M
618,w,4,2010_spring,M
619,s,4,2010_spring,M
620,l,4,2010_spring,M
621,g,4,2010_spring,M
622,r,4,2010_spring,P
623,w,4,2010_spring,P
630,l,4,2010_spring,P
631,g,4,2010_spring,P
632,r,4,2010_spring,Q
633,w,4,2010_spring,Q
634,s,4,2010_spring,Q
635,l,4,2010_spring,Q
636,g,4,2010_spring,Q
637,r,5,2010_spring,S
638,w,5,2010_spring,S
639,l,5,2010_spring,S
640,g,5,2010_spring,S
641,r,5,2010_spring,T
642,w,5,2010_spring,T
643,s,5,2010_spring,T
644,l,5,2010_spring,T
645,g,5,2010_spring,T
646,s,5,2010_spring,U
647,g,5,2010_spring,U
648,s,4,2010_spring,E
649,r,3,2010_spring,H
650,w,3,2010_spring,H
651,g,3,2010_spring,H
652,r,2,2010_summer,A
653,w,2,2010_summer,A
654,s,2,2010_summer,A
655,l,2,2010_summer,A
656,g,2,2010_summer,A
657,r,3,2010_summer,F
658,w,3,2010_summer,F
659,s,3,2010_summer,F
660,l,3,2010_summer,F
661,g,3,2010_summer,F
662,r,3,2010_summer,G
663,w,3,2010_summer,G
664,s,3,2010_summer,G
665,l,3,2010_summer,G
666,g,3,2010_summer,G
667,r,3,2010_summer,H
668,w,3,2010_summer,H
669,s,3,2010_summer,H
670,l,3,2010_summer,H
671,g,3,2010_summer,H
672,r,4,2010_summer,M
673,w,4,2010_summer,M
674,s,4,2010_summer,M
675,l,4,2010_summer,M
676,g,4,2010_summer,M
677,r,4,2010_summer,P
678,w,4,2010_summer,P
679,s,4,2010_summer,P
680,l,4,2010_summer,P
681,g,4,2010_summer,P
682,r,4,2010_summer,Q
683,w,4,2010_summer,Q
684,s,4,2010_summer,Q
685,l,4,2010_summer,Q
686,g,4,2010_summer,Q
687,r,4,2010_summer,R
688,w,4,2010_summer,R
689,s,4,2010_summer,E
690,r,5,2010_summer,S
691,w,5,2010_summer,S
692,s,5,2010_summer,S
693,l,5,2010_summer,S
694,g,5,2010_summer,S
695,r,5,2010_summer,T
696,w,5,2010_summer,T
697,s,5,2010_summer,T
698,l,5,2010_summer,T
699,g,5,2010_summer,T
700,r,5,2010_summer,U
701,w,5,2010_summer,U
702,s,5,2010_summer,U
703,l,5,2010_summer,U
704,g,5,2010_summer,U
705,s,4,2010_summer,R
706,l,4,2010_summer,R
707,g,4,2010_summer,R
708,s,4,2010_fall,M
709,r,2,2010_fall,A
710,w,2,2010_fall,A
711,s,2,2010_fall,A
712,l,2,2010_fall,A
713,g,2,2010_fall,A
714,r,3,2010_fall,F
715,w,3,2010_fall,F
716,s,3,2010_fall,F
717,l,3,2010_fall,F
718,g,3,2010_fall,F
719,r,3,2010_fall,G
720,w,3,2010_fall,G
721,s,3,2010_fall,G
722,l,3,2010_fall,G
723,g,3,2010_fall,G
724,r,4,2010_fall,L
725,w,4,2010_fall,L
726,s,4,2010_fall,L
727,l,4,2010_fall,L
728,g,4,2010_fall,L
729,r,4,2010_fall,M
730,w,4,2010_fall,M
731,l,4,2010_fall,M
732,g,4,2010_fall,M
733,r,4,2010_fall,P
734,w,4,2010_fall,P
735,s,4,2010_fall,P
736,l,4,2010_fall,P
737,g,4,2010_fall,P
738,r,4,2010_fall,Q
739,w,4,2010_fall,Q
740,s,4,2010_fall,Q
741,l,4,2010_fall,Q
742,g,4,2010_fall,Q
743,r,4,2010_fall,R
744,w,4,2010_fall,R
745,s,4,2010_fall,R
746,l,4,2010_fall,R
747,g,4,2010_fall,R
748,s,4,2010_fall,E
749,r,5,2010_fall,S
750,w,5,2010_fall,S
751,s,5,2010_fall,S
752,l,5,2010_fall,S
753,g,5,2010_fall,S
754,r,5,2010_fall,T
755,w,5,2010_fall,T
756,s,5,2010_fall,T
757,l,5,2010_fall,T
758,g,5,2010_fall,T
759,r,5,2010_fall,U
760,w,5,2010_fall,U
761,s,5,2010_fall,U
762,l,5,2010_fall,U
763,g,5,2010_fall,U
764,r,2,2011_spring,A
765,w,2,2011_spring,A
766,s,2,2011_spring,A
767,l,2,2011_spring,A
768,g,2,2011_spring,A
769,r,3,2011_spring,A
770,r,3,2011_spring,H
771,l,3,2011_spring,G
772,r,3,2011_spring,F
773,w,3,2011_spring,F
774,s,3,2011_spring,F
775,l,3,2011_spring,F
776,g,3,2011_spring,F
777,r,3,2011_spring,G
778,w,3,2011_spring,G
779,s,3,2011_spring,G
780,l,3,2011_spring,G
781,g,3,2011_spring,G
782,r,4,2011_spring,M
783,w,4,2011_spring,M
784,s,4,2011_spring,M
785,l,4,2011_spring,M
786,g,4,2011_spring,M
787,r,4,2011_spring,P
788,w,4,2011_spring,P
789,s,4,2011_spring,P
790,l,4,2011_spring,P
791,g,4,2011_spring,P
792,r,4,2011_spring,Q
793,w,4,2011_spring,Q
794,s,4,2011_spring,Q
795,l,4,2011_spring,Q
796,g,4,2011_spring,Q
797,r,5,2011_spring,S
798,w,5,2011_spring,S
799,s,5,2011_spring,S
800,l,5,2011_spring,S
801,g,5,2011_spring,S
802,r,5,2011_spring,T
803,w,5,2011_spring,T
804,s,5,2011_spring,T
805,l,5,2011_spring,T
806,g,5,2011_spring,T
807,r,5,2011_spring,U
808,w,5,2011_spring,U
809,s,5,2011_spring,U
810,l,5,2011_spring,U
811,g,5,2011_spring,U
812,s,5,2011_spring,X
813,w,4,2011_spring,L
814,s,4,2011_spring,L
815,l,4,2011_spring,L
816,g,4,2011_spring,L
817,r,4,2011_spring,L
818,r,4,2011_spring,R
819,g,4,2011_spring,R
820,w,4,2011_spring,R
821,s,4,2011_spring,R
822,l,4,2011_spring,R
845,w,3,2011_summer,F
846,r,3,2011_summer,F
847,g,3,2011_summer,F
848,s,3,2011_summer,F
849,l,3,2011_summer,F
850,r,3,2011_summer,G
851,w,3,2011_summer,G
852,g,3,2011_summer,G
853,s,3,2011_summer,G
854,l,3,2011_summer,G
855,w,4,2011_summer,M
856,r,4,2011_summer,M
857,g,4,2011_summer,M
858,s,4,2011_summer,M
859,l,4,2011_summer,M
860,r,4,2011_summer,P
861,w,4,2011_summer,P
862,g,4,2011_summer,P
863,s,4,2011_summer,P
864,l,4,2011_summer,P
865,r,4,2011_summer,R
866,w,4,2011_summer,R
867,g,4,2011_summer,R
868,w,4,2011_summer,Q
869,r,4,2011_summer,Q
870,g,4,2011_summer,Q
871,s,4,2011_summer,Q
872,l,4,2011_summer,Q
873,r,5,2011_summer,T
874,w,5,2011_summer,T
875,g,5,2011_summer,T
876,s,5,2011_summer,T
877,l,5,2011_summer,T
878,w,5,2011_summer,S
879,r,5,2011_summer,S
880,g,5,2011_summer,S
881,s,5,2011_summer,S
882,l,5,2011_summer,S
883,r,5,2011_summer,X
884,w,5,2011_summer,X
885,g,5,2011_summer,X
886,s,5,2011_summer,X
887,l,5,2011_summer,X
888,w,5,2011_summer,U
889,r,5,2011_summer,U
890,g,5,2011_summer,U
891,s,5,2011_summer,U
892,l,5,2011_summer,U
893,s,5,2011_summer,Z
894,l,5,2011_summer,Z
912,r,3,2011_fall,F
913,w,3,2011_fall,F
914,s,3,2011_fall,F
915,l,3,2011_fall,F
916,g,3,2011_fall,F
917,r,3,2011_fall,G
918,w,3,2011_fall,G
919,s,3,2011_fall,G
920,l,3,2011_fall,G
921,g,3,2011_fall,G
922,r,4,2011_fall,M
923,w,4,2011_fall,M
924,s,4,2011_fall,M
925,l,4,2011_fall,M
926,g,4,2011_fall,M
927,r,4,2011_fall,P
928,w,4,2011_fall,P
929,s,4,2011_fall,P
930,l,4,2011_fall,P
931,g,4,2011_fall,P
932,r,4,2011_fall,Q
933,w,4,2011_fall,Q
934,s,4,2011_fall,Q
935,l,4,2011_fall,Q
936,g,4,2011_fall,Q
937,r,4,2011_fall,R
938,w,4,2011_fall,R
939,s,4,2011_fall,R
940,l,4,2011_fall,R
941,g,4,2011_fall,R
942,r,5,2011_fall,S
943,w,5,2011_fall,S
944,s,5,2011_fall,S
945,l,5,2011_fall,S
946,g,5,2011_fall,S
947,r,5,2011_fall,T
948,w,5,2011_fall,T
949,s,5,2011_fall,T
950,l,5,2011_fall,T
951,g,5,2011_fall,T
952,r,5,2011_fall,U
953,w,5,2011_fall,U
954,s,5,2011_fall,U
955,l,5,2011_fall,U
956,g,5,2011_fall,U
957,s,5,2011_fall,X
958,r,3,2012_spring,A
959,w,3,2012_spring,A
960,s,3,2012_spring,A
961,l,3,2012_spring,A
962,g,3,2012_spring,A
963,r,3,2012_spring,F
964,w,3,2012_spring,F
965,s,3,2012_spring,F
966,l,3,2012_spring,F
967,g,3,2012_spring,F
968,r,3,2012_spring,G
969,w,3,2012_spring,G
970,s,3,2012_spring,G
971,l,3,2012_spring,G
972,g,3,2012_spring,G
973,r,3,2012_spring,H
974,w,3,2012_spring,H
975,s,3,2012_spring,H
976,l,3,2012_spring,H
977,g,3,2012_spring,H
978,r,4,2012_spring,M
979,w,4,2012_spring,M
980,s,4,2012_spring,M
981,l,4,2012_spring,M
982,g,4,2012_spring,M
983,r,4,2012_spring,P
984,w,4,2012_spring,P
985,s,4,2012_spring,P
986,l,4,2012_spring,P
987,g,4,2012_spring,P
988,r,4,2012_spring,Q
989,w,4,2012_spring,Q
990,s,4,2012_spring,Q
991,l,4,2012_spring,Q
992,g,4,2012_spring,Q
993,r,4,2012_spring,R
994,w,4,2012_spring,R
995,s,4,2012_spring,R
996,l,4,2012_spring,R
997,g,4,2012_spring,R
998,r,5,2012_spring,S
999,w,5,2012_spring,S
1000,s,5,2012_spring,S
1001,l,5,2012_spring,S
1002,g,5,2012_spring,S
1003,r,5,2012_spring,T
1004,w,5,2012_spring,T
1005,s,5,2012_spring,T
1006,l,5,2012_spring,T
1007,g,5,2012_spring,T
1008,r,5,2012_spring,U
1009,w,5,2012_spring,U
1010,s,5,2012_spring,U
1011,l,5,2012_spring,U
1012,g,5,2012_spring,U
1015,s,5,2012_spring,X
1018,s,3,2012_spring,H
1019,l,3,2012_spring,H
1020,r,5,2012_spring,X
1021,w,5,2012_spring,X
1022,l,5,2012_spring,X
1023,g,5,2012_spring,X
1024,r,3,2012_summer,F
1025,w,3,2012_summer,F
1026,s,3,2012_summer,F
1027,l,3,2012_summer,F
1028,g,3,2012_summer,F
1029,r,3,2012_summer,G
1030,w,3,2012_summer,G
1031,s,3,2012_summer,G
1032,l,3,2012_summer,G
1033,g,3,2012_summer,G
1034,r,3,2012_summer,H
1035,w,3,2012_summer,H
1036,s,3,2012_summer,H
1037,l,3,2012_summer,H
1038,g,3,2012_summer,H
1039,r,4,2012_summer,M
1040,w,4,2012_summer,M
1041,s,4,2012_summer,M
1042,l,4,2012_summer,M
1043,g,4,2012_summer,M
1044,r,4,2012_summer,P
1045,w,4,2012_summer,P
1046,s,4,2012_summer,P
1047,l,4,2012_summer,P
1048,g,4,2012_summer,P
1049,r,4,2012_summer,Q
1050,w,4,2012_summer,Q
1051,s,4,2012_summer,Q
1052,l,4,2012_summer,Q
1053,g,4,2012_summer,Q
1054,r,4,2012_summer,R
1055,w,4,2012_summer,R
1056,s,4,2012_summer,R
1057,l,4,2012_summer,R
1058,g,4,2012_summer,R
1059,r,5,2012_summer,S
1060,w,5,2012_summer,S
1061,s,5,2012_summer,S
1062,l,5,2012_summer,S
1063,g,5,2012_summer,S
1064,r,5,2012_summer,T
1065,w,5,2012_summer,T
1066,s,5,2012_summer,T
1067,l,5,2012_summer,T
1068,g,5,2012_summer,T
1069,r,5,2012_summer,U
1070,w,5,2012_summer,U
1071,s,5,2012_summer,U
1072,l,5,2012_summer,U
1073,g,5,2012_summer,U
1074,r,3,2012_fall,F
1075,w,3,2012_fall,F
1076,g,3,2012_fall,F
1077,s,3,2012_fall,F
1078,l,3,2012_fall,F
1079,w,3,2012_fall,G
1080,g,3,2012_fall,G
1081,r,3,2012_fall,G
1082,s,3,2012_fall,G
1083,l,3,2012_fall,G
1084,g,3,2012_fall,H
1085,r,3,2012_fall,H
1086,s,3,2012_fall,H
1087,l,3,2012_fall,H
1088,w,3,2012_fall,H
1089,r,4,2012_fall,M
1090,w,4,2012_fall,M
1091,g,4,2012_fall,M
1092,s,4,2012_fall,M
1093,l,4,2012_fall,M
1094,w,4,2012_fall,P
1095,g,4,2012_fall,P
1096,r,4,2012_fall,P
1097,s,4,2012_fall,P
1098,l,4,2012_fall,P
1099,g,4,2012_fall,Q
1100,r,4,2012_fall,Q
1101,s,4,2012_fall,Q
1102,l,4,2012_fall,Q
1103,w,4,2012_fall,Q
1104,w,4,2012_fall,R
1105,g,4,2012_fall,R
1106,r,4,2012_fall,R
1107,s,4,2012_fall,R
1108,l,4,2012_fall,R
1109,r,5,2012_fall,S
1110,w,5,2012_fall,S
1111,g,5,2012_fall,S
1112,s,5,2012_fall,S
1113,l,5,2012_fall,S
1114,w,5,2012_fall,T
1115,g,5,2012_fall,T
1116,r,5,2012_fall,T
1117,s,5,2012_fall,T
1118,l,5,2012_fall,T
1119,g,5,2012_fall,U
1120,r,5,2012_fall,U
1121,s,5,2012_fall,U
1122,l,5,2012_fall,U
1123,w,5,2012_fall,U
